[
   {
      "_id": {
         "$oid": "6263c9db79364e03bc23d6d3"
      },
      "env": "",
      "event_id": 7,
      "quiz_name": "KMC202_ET college code 68 to 164 (Quiz 01)",
      "quiz": {
         "pages": [
            {
               "name": "page1",
               "elements": [
                  {
                     "type": "radiogroup",
                     "name": "62626597e8ec006e7d612e25",
                     "title": "When Amazon started extending its services as cloud?",
                     "correctAnswer": "2006",
                     "Marks": "1",
                     "subject": "Emerging Technology for Engineering(kmc102_week1)",
                     "choices": [
                        "1969",
                        "1999",
                        "2003",
                        "2006"
                     ]
                  }
               ],
               "maxTimeToFinish": "60"
            },
            {
               "name": "page2",
               "elements": [
                  {
                     "type": "radiogroup",
                     "name": "62626598e8ec006e7d612e27",
                     "title": "What is the name of Microsoft cloud services?",
                     "correctAnswer": "AZURE",
                     "Marks": "1",
                     "subject": "Emerging Technology for Engineering(kmc102_week1)",
                     "choices": [
                        "AWS",
                        "AZURE",
                        "SharePoint",
                        "Dallas"
                     ]
                  }
               ],
               "maxTimeToFinish": "60"
            },
            {
               "name": "page3",
               "elements": [
                  {
                     "type": "radiogroup",
                     "name": "62626598e8ec006e7d612e28",
                     "title": "With exponential growth of Data, the network become ________.",
                     "correctAnswer": "Bottleneck",
                     "Marks": "1",
                     "subject": "Emerging Technology for Engineering(kmc102_week1)",
                     "choices": [
                        "Fast",
                        "Bottleneck",
                        "Slow",
                        "SMART"
                     ]
                  }
               ],
               "maxTimeToFinish": "60"
            },
            {
               "name": "page4",
               "elements": [
                  {
                     "type": "radiogroup",
                     "name": "62626598e8ec006e7d612e29",
                     "title": "Cloud Computing also known as _____________.",
                     "correctAnswer": "On-Demand Computing",
                     "Marks": "1",
                     "subject": "Emerging Technology for Engineering(kmc102_week1)",
                     "choices": [
                        "On-Demand Computing",
                        "Grid Computing",
                        "SMART Computing",
                        "Edge Computing"
                     ]
                  }
               ],
               "maxTimeToFinish": "60"
            },
            {
               "name": "page5",
               "elements": [
                  {
                     "type": "radiogroup",
                     "name": "62626598e8ec006e7d612e2a",
                     "title": "Which of the following is Cloud Platform by Amazon?",
                     "correctAnswer": "AWS",
                     "Marks": "1",
                     "subject": "Emerging Technology for Engineering(kmc102_week1)",
                     "choices": [
                        "Azure",
                        "AWS",
                        "Cloudera",
                        "All of the above"
                     ]
                  }
               ],
               "maxTimeToFinish": "60"
            },
            {
               "name": "page6",
               "elements": [
                  {
                     "type": "radiogroup",
                     "name": "62626599e8ec006e7d612e2f",
                     "title": "How much carbon emission can be reduced by moving to cloud?",
                     "correctAnswer": "88%",
                     "Marks": "1",
                     "subject": "Emerging Technology for Engineering(kmc102_week1)",
                     "choices": [
                        "65%",
                        "88%",
                        "15%",
                        "50%"
                     ]
                  }
               ],
               "maxTimeToFinish": "60"
            },
            {
               "name": "page7",
               "elements": [
                  {
                     "type": "radiogroup",
                     "name": "62626599e8ec006e7d612e30",
                     "title": "A typical large-scale cloud provider achieves approximately ____ server utilization rates versus ____ on premises.",
                     "correctAnswer": "65%, 15%",
                     "Marks": "1",
                     "subject": "Emerging Technology for Engineering(kmc102_week1)",
                     "choices": [
                        "50%, 50%",
                        "65%, 15%",
                        "30%, 50%",
                        "75%, 40%"
                     ]
                  }
               ],
               "maxTimeToFinish": "60"
            },
            {
               "name": "page8",
               "elements": [
                  {
                     "type": "radiogroup",
                     "name": "62626599e8ec006e7d612e33",
                     "title": "To prevent messages from being lost or becoming unavailable, all messages are stored __________ across multiple servers and data centers.",
                     "correctAnswer": "Redundantly",
                     "Marks": "1",
                     "subject": "Emerging Technology for Engineering(kmc102_week1)",
                     "choices": [
                        "Publicly",
                        "Superfluously",
                        "Privately",
                        "Redundantly"
                     ]
                  }
               ],
               "maxTimeToFinish": "60"
            },
            {
               "name": "page9",
               "elements": [
                  {
                     "type": "radiogroup",
                     "name": "62626599e8ec006e7d612e36",
                     "title": "Each AWS region consists of multiple, ______________, and physically separated availability zones with in a geographic area.",
                     "correctAnswer": "Isolated",
                     "Marks": "1",
                     "subject": "Emerging Technology for Engineering(kmc102_week1)",
                     "choices": [
                        "Scattered",
                        "Isolated",
                        "Distributed",
                        "Combined"
                     ]
                  }
               ],
               "maxTimeToFinish": "60"
            },
            {
               "name": "page10",
               "elements": [
                  {
                     "type": "radiogroup",
                     "name": "62626599e8ec006e7d612e37",
                     "title": "All traffic between AZs are encrypted.",
                     "correctAnswer": "a. True",
                     "Marks": "1",
                     "subject": "Emerging Technology for Engineering(kmc102_week1)",
                     "choices": [
                        "a. True",
                        "b. False",
                        "",
                        ""
                     ]
                  }
               ],
               "maxTimeToFinish": "60"
            }
         ],
         "maxTimeToFinish": 600,
         "showTimerPanel": "top"
      },
      "type": "MCQ",
      "created": "2022-04-23 15:11:47",
      "is_deleted": false,
      "prefix": ""
   }
   ,
   {
      "_id": {
         "$oid": "623eefd8d303b406154ca7bc"
      },
      "env": "",
      "event_id": 17,
      "prefix": "",
      "quiz": {
         "pages": [
            {
               "name": "page1",
               "elements": [
                  {
                     "type": "radiogroup",
                     "name": "question1",
                     "title": "The name of Google cloud is",
                     "correctAnswer": "Google Cloud Service",
                     "Marks": "1",
                     "subject": "Emerging Technology for Engineering(kmc102_week2_G2)",
                     "choices": [
                        "AWS",
                        "Google Cloud Service",
                        "Azure",
                        "Android"
                     ]
                  }
               ],
               "maxTimeToFinish": "60"
            },
            {
               "name": "page2",
               "elements": [
                  {
                     "type": "radiogroup",
                     "name": "question2",
                     "title": "Point out the wrong statement :",
                     "correctAnswer": "Google's App Engine platform is IaaS offering",
                     "Marks": "1",
                     "subject": "Emerging Technology for Engineering(kmc102_week2_G2)",
                     "choices": [
                        "Google's App Engine platform is PaaS offering",
                        "The vendor is responsible for all the operational aspects of the service",
                        "Google's App Engine platform is IaaS offering",
                        "None of the mentioned"
                     ]
                  }
               ],
               "maxTimeToFinish": "60"
            },
            {
               "name": "page3",
               "elements": [
                  {
                     "type": "radiogroup",
                     "name": "question3",
                     "title": "In Google App Engine applications run in secure sandboxed environment.",
                     "correctAnswer": "TRUE",
                     "Marks": "1",
                     "subject": "Emerging Technology for Engineering(kmc102_week2_G2)",
                     "choices": [
                        "TRUE",
                        "FALSE"
                     ]
                  }
               ],
               "maxTimeToFinish": "60"
            },
            {
               "name": "page4",
               "elements": [
                  {
                     "type": "radiogroup",
                     "name": "question4",
                     "title": "In App Engine application all resources are created in the region selected by",
                     "correctAnswer": "Developer",
                     "Marks": "1",
                     "subject": "Emerging Technology for Engineering(kmc102_week2_G2)",
                     "choices": [
                        "Google Cloud Service",
                        "Developer",
                        "Vendor",
                        "Third Party service provider"
                     ]
                  }
               ],
               "maxTimeToFinish": "60"
            },
            {
               "name": "page5",
               "elements": [
                  {
                     "type": "radiogroup",
                     "name": "question5",
                     "title": "Which of the following serves as a PaaS vendor within Google App Engine system?",
                     "correctAnswer": "Google",
                     "Marks": "1",
                     "subject": "Emerging Technology for Engineering(kmc102_week2_G2)",
                     "choices": [
                        "Google",
                        "Amazon",
                        "Microsoft",
                        "All of the above"
                     ]
                  }
               ],
               "maxTimeToFinish": "60"
            },
            {
               "name": "page6",
               "elements": [
                  {
                     "type": "radiogroup",
                     "name": "question6",
                     "title": "Google cloud supports multi-cloud architecture?",
                     "correctAnswer": "TRUE",
                     "Marks": "1",
                     "subject": "Emerging Technology for Engineering(kmc102_week2_G2)",
                     "choices": [
                        "TRUE",
                        "FALSE"
                     ]
                  }
               ],
               "maxTimeToFinish": "60"
            },
            {
               "name": "page7",
               "elements": [
                  {
                     "type": "radiogroup",
                     "name": "question7",
                     "title": "Google cloud search is used for",
                     "correctAnswer": "Enterprise search for employees to quickly find company information",
                     "Marks": "1",
                     "subject": "Emerging Technology for Engineering(kmc102_week2_G2)",
                     "choices": [
                        "Public search",
                        "Enterprise search for employees to quickly find company information",
                        "searching documents only outside company",
                        "Google docs only"
                     ]
                  }
               ],
               "maxTimeToFinish": "60"
            },
            {
               "name": "page8",
               "elements": [
                  {
                     "type": "radiogroup",
                     "name": "question8",
                     "title": "All Google Cloud Platform resources are associated with a project. (True Or False)",
                     "correctAnswer": "TRUE",
                     "Marks": "1",
                     "subject": "Emerging Technology for Engineering(kmc102_week2_G2)",
                     "choices": [
                        "TRUE",
                        "FALSE"
                     ]
                  }
               ],
               "maxTimeToFinish": "60"
            },
            {
               "name": "page9",
               "elements": [
                  {
                     "type": "radiogroup",
                     "name": "question9",
                     "title": "Google BigQuery Service is also a kind of Google cloud service",
                     "correctAnswer": "TRUE",
                     "Marks": "1",
                     "subject": "Emerging Technology for Engineering(kmc102_week2_G2)",
                     "choices": [
                        "TRUE",
                        "FALSE"
                     ]
                  }
               ],
               "maxTimeToFinish": "60"
            },
            {
               "name": "page10",
               "elements": [
                  {
                     "type": "radiogroup",
                     "name": "question10",
                     "title": "How does the pricing model work in GCP cloud?",
                     "correctAnswer": "on the basis of compute instance, network use, and storage",
                     "Marks": "1",
                     "subject": "Emerging Technology for Engineering(kmc102_week2_G2)",
                     "choices": [
                        "on the basis of usage time",
                        "on the basis of compute instance, network use, and storage",
                        "on the basis of storage only",
                        "None of the above"
                     ]
                  }
               ],
               "maxTimeToFinish": "60"
            }
         ],
         "maxTimeToFinish": "600",
         "showTimerPanel": "top"
      },
      "type": "",
      "is_deleted": false,
      "created": {
         "$date": "2022-03-26T10:50:00.043Z"
      },
      "__v": 0
   }
]