[
   {
      "_id": {
         "$oid": "627113cebdb3db06a0c3ce78"
      },
      "user_id": "d4d29e2e-b5ae-11ec-81ad-0242ac110004",
      "email": "test@123",
      "event_id": 7,
      "env": "",
      "prefix": "",
      "quiz": {
         "pages": [
            {
               "name": "page1",
               "elements": [
                  {
                     "type": "radiogroup",
                     "name": "62626598e8ec006e7d612e29",
                     "title": "Cloud Computing also known as _____________.",
                     "Marks": "1",
                     "subject": "Emerging Technology for Engineering(kmc102_week1)",
                     "choices": [
                        "On-Demand Computing",
                        "Grid Computing",
                        "SMART Computing",
                        "Edge Computing"
                     ]
                  }
               ],
               "maxTimeToFinish": "60",
               "start_time": "Tue May 03 2022 17:06:46 GMT+0530 (India Standard Time)",
               "end_time": "Tue May 03 2022 17:07:10 GMT+0530 (India Standard Time)"
            },
            {
               "name": "page2",
               "elements": [
                  {
                     "type": "radiogroup",
                     "name": "62626597e8ec006e7d612e25",
                     "title": "When Amazon started extending its services as cloud?",
                     "Marks": "1",
                     "subject": "Emerging Technology for Engineering(kmc102_week1)",
                     "choices": [
                        "1969",
                        "1999",
                        "2003",
                        "2006"
                     ]
                  }
               ],
               "maxTimeToFinish": "60",
               "start_time": "Tue May 03 2022 17:07:10 GMT+0530 (India Standard Time)",
               "end_time": "Tue May 03 2022 17:07:28 GMT+0530 (India Standard Time)"
            },
            {
               "name": "page3",
               "elements": [
                  {
                     "type": "radiogroup",
                     "name": "62626599e8ec006e7d612e36",
                     "title": "Each AWS region consists of multiple, ______________, and physically separated availability zones with in a geographic area.",
                     "Marks": "1",
                     "subject": "Emerging Technology for Engineering(kmc102_week1)",
                     "choices": [
                        "Scattered",
                        "Isolated",
                        "Distributed",
                        "Combined"
                     ]
                  }
               ],
               "maxTimeToFinish": "60",
               "start_time": "Tue May 03 2022 17:07:28 GMT+0530 (India Standard Time)",
               "end_time": "Tue May 03 2022 17:07:51 GMT+0530 (India Standard Time)"
            },
            {
               "name": "page4",
               "elements": [
                  {
                     "type": "radiogroup",
                     "name": "62626598e8ec006e7d612e27",
                     "title": "What is the name of Microsoft cloud services?",
                     "Marks": "1",
                     "subject": "Emerging Technology for Engineering(kmc102_week1)",
                     "choices": [
                        "AWS",
                        "AZURE",
                        "SharePoint",
                        "Dallas"
                     ]
                  }
               ],
               "maxTimeToFinish": "60",
               "start_time": "Tue May 03 2022 17:07:51 GMT+0530 (India Standard Time)",
               "end_time": "Tue May 03 2022 17:08:11 GMT+0530 (India Standard Time)"
            },
            {
               "name": "page5",
               "elements": [
                  {
                     "type": "radiogroup",
                     "name": "62626599e8ec006e7d612e33",
                     "title": "To prevent messages from being lost or becoming unavailable, all messages are stored __________ across multiple servers and data centers.",
                     "Marks": "1",
                     "subject": "Emerging Technology for Engineering(kmc102_week1)",
                     "choices": [
                        "Publicly",
                        "Superfluously",
                        "Privately",
                        "Redundantly"
                     ]
                  }
               ],
               "maxTimeToFinish": "60",
               "start_time": "Tue May 03 2022 17:08:11 GMT+0530 (India Standard Time)",
               "end_time": "Tue May 03 2022 17:08:27 GMT+0530 (India Standard Time)"
            },
            {
               "name": "page6",
               "elements": [
                  {
                     "type": "radiogroup",
                     "name": "62626598e8ec006e7d612e2a",
                     "title": "Which of the following is Cloud Platform by Amazon?",
                     "Marks": "1",
                     "subject": "Emerging Technology for Engineering(kmc102_week1)",
                     "choices": [
                        "Azure",
                        "AWS",
                        "Cloudera",
                        "All of the above"
                     ]
                  }
               ],
               "maxTimeToFinish": "60",
               "start_time": "Tue May 03 2022 17:08:27 GMT+0530 (India Standard Time)",
               "end_time": "Tue May 03 2022 17:08:52 GMT+0530 (India Standard Time)"
            },
            {
               "name": "page7",
               "elements": [
                  {
                     "type": "radiogroup",
                     "name": "62626599e8ec006e7d612e2f",
                     "title": "How much carbon emission can be reduced by moving to cloud?",
                     "Marks": "1",
                     "subject": "Emerging Technology for Engineering(kmc102_week1)",
                     "choices": [
                        "65%",
                        "88%",
                        "15%",
                        "50%"
                     ]
                  }
               ],
               "maxTimeToFinish": "60",
               "start_time": "Tue May 03 2022 17:08:52 GMT+0530 (India Standard Time)",
               "end_time": "Tue May 03 2022 17:09:18 GMT+0530 (India Standard Time)"
            },
            {
               "name": "page8",
               "elements": [
                  {
                     "type": "radiogroup",
                     "name": "62626599e8ec006e7d612e30",
                     "title": "A typical large-scale cloud provider achieves approximately ____ server utilization rates versus ____ on premises.",
                     "Marks": "1",
                     "subject": "Emerging Technology for Engineering(kmc102_week1)",
                     "choices": [
                        "50%, 50%",
                        "65%, 15%",
                        "30%, 50%",
                        "75%, 40%"
                     ]
                  }
               ],
               "maxTimeToFinish": "60",
               "start_time": "Tue May 03 2022 17:09:18 GMT+0530 (India Standard Time)",
               "end_time": "Tue May 03 2022 17:09:45 GMT+0530 (India Standard Time)"
            },
            {
               "name": "page9",
               "elements": [
                  {
                     "type": "radiogroup",
                     "name": "62626599e8ec006e7d612e37",
                     "title": "All traffic between AZs are encrypted.",
                     "Marks": "1",
                     "subject": "Emerging Technology for Engineering(kmc102_week1)",
                     "choices": [
                        "a. True",
                        "b. False"
                     ]
                  }
               ],
               "maxTimeToFinish": "60",
               "start_time": "Tue May 03 2022 17:09:45 GMT+0530 (India Standard Time)",
               "end_time": "Tue May 03 2022 17:10:02 GMT+0530 (India Standard Time)"
            },
            {
               "name": "page10",
               "elements": [
                  {
                     "type": "radiogroup",
                     "name": "62626598e8ec006e7d612e28",
                     "title": "With exponential growth of Data, the network become ________.",
                     "Marks": "1",
                     "subject": "Emerging Technology for Engineering(kmc102_week1)",
                     "choices": [
                        "Fast",
                        "Bottleneck",
                        "Slow",
                        "SMART"
                     ]
                  }
               ],
               "maxTimeToFinish": "60",
               "start_time": "Tue May 03 2022 17:10:02 GMT+0530 (India Standard Time)",
               "end_time": "Tue May 03 2022 17:10:18 GMT+0530 (India Standard Time)"
            }
         ],
         "maxTimeToFinish": "600",
         "showTimerPanel": "top",
         "title": "Quiz",
         "currentPageNo": "9"
      },
      "start_quiz": {
         "showTimerPanel": "top",
         "maxTimeToFinish": 600,
         "pages": [
            {
               "maxTimeToFinish": "60",
               "elements": [
                  {
                     "choices": [
                        "On-Demand Computing",
                        "Grid Computing",
                        "SMART Computing",
                        "Edge Computing"
                     ],
                     "subject": "Emerging Technology for Engineering(kmc102_week1)",
                     "Marks": "1",
                     "correctAnswer": "On-Demand Computing",
                     "title": "Cloud Computing also known as _____________.",
                     "name": "62626598e8ec006e7d612e29",
                     "type": "radiogroup"
                  }
               ],
               "name": "page1"
            },
            {
               "maxTimeToFinish": "60",
               "elements": [
                  {
                     "choices": [
                        "1969",
                        "1999",
                        "2003",
                        "2006"
                     ],
                     "subject": "Emerging Technology for Engineering(kmc102_week1)",
                     "Marks": "1",
                     "correctAnswer": "2006",
                     "title": "When Amazon started extending its services as cloud?",
                     "name": "62626597e8ec006e7d612e25",
                     "type": "radiogroup"
                  }
               ],
               "name": "page2"
            },
            {
               "maxTimeToFinish": "60",
               "elements": [
                  {
                     "choices": [
                        "Scattered",
                        "Isolated",
                        "Distributed",
                        "Combined"
                     ],
                     "subject": "Emerging Technology for Engineering(kmc102_week1)",
                     "Marks": "1",
                     "correctAnswer": "Isolated",
                     "title": "Each AWS region consists of multiple, ______________, and physically separated availability zones with in a geographic area.",
                     "name": "62626599e8ec006e7d612e36",
                     "type": "radiogroup"
                  }
               ],
               "name": "page3"
            },
            {
               "maxTimeToFinish": "60",
               "elements": [
                  {
                     "choices": [
                        "AWS",
                        "AZURE",
                        "SharePoint",
                        "Dallas"
                     ],
                     "subject": "Emerging Technology for Engineering(kmc102_week1)",
                     "Marks": "1",
                     "correctAnswer": "AZURE",
                     "title": "What is the name of Microsoft cloud services?",
                     "name": "62626598e8ec006e7d612e27",
                     "type": "radiogroup"
                  }
               ],
               "name": "page4"
            },
            {
               "maxTimeToFinish": "60",
               "elements": [
                  {
                     "choices": [
                        "Publicly",
                        "Superfluously",
                        "Privately",
                        "Redundantly"
                     ],
                     "subject": "Emerging Technology for Engineering(kmc102_week1)",
                     "Marks": "1",
                     "correctAnswer": "Redundantly",
                     "title": "To prevent messages from being lost or becoming unavailable, all messages are stored __________ across multiple servers and data centers.",
                     "name": "62626599e8ec006e7d612e33",
                     "type": "radiogroup"
                  }
               ],
               "name": "page5"
            },
            {
               "maxTimeToFinish": "60",
               "elements": [
                  {
                     "choices": [
                        "Azure",
                        "AWS",
                        "Cloudera",
                        "All of the above"
                     ],
                     "subject": "Emerging Technology for Engineering(kmc102_week1)",
                     "Marks": "1",
                     "correctAnswer": "AWS",
                     "title": "Which of the following is Cloud Platform by Amazon?",
                     "name": "62626598e8ec006e7d612e2a",
                     "type": "radiogroup"
                  }
               ],
               "name": "page6"
            },
            {
               "maxTimeToFinish": "60",
               "elements": [
                  {
                     "choices": [
                        "65%",
                        "88%",
                        "15%",
                        "50%"
                     ],
                     "subject": "Emerging Technology for Engineering(kmc102_week1)",
                     "Marks": "1",
                     "correctAnswer": "88%",
                     "title": "How much carbon emission can be reduced by moving to cloud?",
                     "name": "62626599e8ec006e7d612e2f",
                     "type": "radiogroup"
                  }
               ],
               "name": "page7"
            },
            {
               "maxTimeToFinish": "60",
               "elements": [
                  {
                     "choices": [
                        "50%, 50%",
                        "65%, 15%",
                        "30%, 50%",
                        "75%, 40%"
                     ],
                     "subject": "Emerging Technology for Engineering(kmc102_week1)",
                     "Marks": "1",
                     "correctAnswer": "65%, 15%",
                     "title": "A typical large-scale cloud provider achieves approximately ____ server utilization rates versus ____ on premises.",
                     "name": "62626599e8ec006e7d612e30",
                     "type": "radiogroup"
                  }
               ],
               "name": "page8"
            },
            {
               "maxTimeToFinish": "60",
               "elements": [
                  {
                     "choices": [
                        "a. True",
                        "b. False",
                        "",
                        ""
                     ],
                     "subject": "Emerging Technology for Engineering(kmc102_week1)",
                     "Marks": "1",
                     "correctAnswer": "a. True",
                     "title": "All traffic between AZs are encrypted.",
                     "name": "62626599e8ec006e7d612e37",
                     "type": "radiogroup"
                  }
               ],
               "name": "page9"
            },
            {
               "maxTimeToFinish": "60",
               "elements": [
                  {
                     "choices": [
                        "Fast",
                        "Bottleneck",
                        "Slow",
                        "SMART"
                     ],
                     "subject": "Emerging Technology for Engineering(kmc102_week1)",
                     "Marks": "1",
                     "correctAnswer": "Bottleneck",
                     "title": "With exponential growth of Data, the network become ________.",
                     "name": "62626598e8ec006e7d612e28",
                     "type": "radiogroup"
                  }
               ],
               "name": "page10"
            }
         ]
      },
      "quiz_time": "Tue May 03 2022 17:06:46 GMT+0530 (India Standard Time)",
      "status": true,
      "currentpage": 9,
      "is_deleted": false,
      "created": {
         "$date": {
            "$numberLong": "1651577806814"
         }
      },
      "__v": 0,
      "cstart_time": "Tue May 03 2022 17:10:02 GMT+0530 (India Standard Time)",
      "currentpagetimespent": 16,
      "section": "120",
      "submission": {
         "62626598e8ec006e7d612e29": "On-Demand Computing",
         "62626597e8ec006e7d612e25": "2006",
         "62626599e8ec006e7d612e36": "Isolated",
         "62626598e8ec006e7d612e27": "AZURE",
         "62626599e8ec006e7d612e33": "Redundantly",
         "62626598e8ec006e7d612e2a": "AWS",
         "62626599e8ec006e7d612e2f": "88%",
         "62626599e8ec006e7d612e30": "65%, 15%",
         "62626599e8ec006e7d612e37": "a. True",
         "62626598e8ec006e7d612e28": "Fast"
      }
   },
   {
      "_id": {
         "$oid": "6271124f83875104aacedad0"
      },
      "user_id": "d4d29e2e-b5ae-11ec-81ad-0242ac110004",
      "email": "test@123",
      "event_id": 17,
      "env": "",
      "prefix": "",
      "quiz": {
         "pages": [
            {
               "name": "page1",
               "elements": [
                  {
                     "type": "radiogroup",
                     "name": "question3",
                     "title": "In Google App Engine applications run in secure sandboxed environment.",
                     "Marks": "1",
                     "subject": "Emerging Technology for Engineering(kmc102_week2_G2)",
                     "choices": [
                        "TRUE",
                        "FALSE"
                     ]
                  }
               ],
               "maxTimeToFinish": "60",
               "start_time": "Tue May 03 2022 17:00:23 GMT+0530 (India Standard Time)",
               "end_time": "Tue May 03 2022 17:01:29 GMT+0530 (India Standard Time)"
            },
            {
               "end_time": "Tue May 03 2022 17:02:37 GMT+0530 (India Standard Time)",
               "name": "page2",
               "elements": [
                  {
                     "type": "radiogroup",
                     "name": "question4",
                     "title": "In App Engine application all resources are created in the region selected by",
                     "Marks": "1",
                     "subject": "Emerging Technology for Engineering(kmc102_week2_G2)",
                     "choices": [
                        "Google Cloud Service",
                        "Developer",
                        "Vendor",
                        "Third Party service provider"
                     ]
                  }
               ],
               "maxTimeToFinish": "60",
               "start_time": "Tue May 03 2022 17:01:29 GMT+0530 (India Standard Time)"
            },
            {
               "end_time": "Tue May 03 2022 17:03:20 GMT+0530 (India Standard Time)",
               "start_time": "Tue May 03 2022 17:02:37 GMT+0530 (India Standard Time)",
               "name": "page3",
               "elements": [
                  {
                     "type": "radiogroup",
                     "name": "question8",
                     "title": "All Google Cloud Platform resources are associated with a project. (True Or False)",
                     "Marks": "1",
                     "subject": "Emerging Technology for Engineering(kmc102_week2_G2)",
                     "choices": [
                        "TRUE",
                        "FALSE"
                     ]
                  }
               ],
               "maxTimeToFinish": "60"
            },
            {
               "end_time": "Tue May 03 2022 17:03:35 GMT+0530 (India Standard Time)",
               "start_time": "Tue May 03 2022 17:03:20 GMT+0530 (India Standard Time)",
               "name": "page4",
               "elements": [
                  {
                     "type": "radiogroup",
                     "name": "question5",
                     "title": "Which of the following serves as a PaaS vendor within Google App Engine system?",
                     "Marks": "1",
                     "subject": "Emerging Technology for Engineering(kmc102_week2_G2)",
                     "choices": [
                        "Google",
                        "Amazon",
                        "Microsoft",
                        "All of the above"
                     ]
                  }
               ],
               "maxTimeToFinish": "60"
            },
            {
               "end_time": "Tue May 03 2022 17:03:54 GMT+0530 (India Standard Time)",
               "start_time": "Tue May 03 2022 17:03:35 GMT+0530 (India Standard Time)",
               "name": "page5",
               "elements": [
                  {
                     "type": "radiogroup",
                     "name": "question1",
                     "title": "The name of Google cloud is",
                     "Marks": "1",
                     "subject": "Emerging Technology for Engineering(kmc102_week2_G2)",
                     "choices": [
                        "AWS",
                        "Google Cloud Service",
                        "Azure",
                        "Android"
                     ]
                  }
               ],
               "maxTimeToFinish": "60"
            },
            {
               "end_time": "Tue May 03 2022 17:04:21 GMT+0530 (India Standard Time)",
               "start_time": "Tue May 03 2022 17:03:54 GMT+0530 (India Standard Time)",
               "name": "page6",
               "elements": [
                  {
                     "type": "radiogroup",
                     "name": "question6",
                     "title": "Google cloud supports multi-cloud architecture?",
                     "Marks": "1",
                     "subject": "Emerging Technology for Engineering(kmc102_week2_G2)",
                     "choices": [
                        "TRUE",
                        "FALSE"
                     ]
                  }
               ],
               "maxTimeToFinish": "60"
            },
            {
               "end_time": "Tue May 03 2022 17:04:51 GMT+0530 (India Standard Time)",
               "start_time": "Tue May 03 2022 17:04:21 GMT+0530 (India Standard Time)",
               "name": "page7",
               "elements": [
                  {
                     "type": "radiogroup",
                     "name": "question9",
                     "title": "Google BigQuery Service is also a kind of Google cloud service",
                     "Marks": "1",
                     "subject": "Emerging Technology for Engineering(kmc102_week2_G2)",
                     "choices": [
                        "TRUE",
                        "FALSE"
                     ]
                  }
               ],
               "maxTimeToFinish": "60"
            },
            {
               "end_time": "Tue May 03 2022 17:05:14 GMT+0530 (India Standard Time)",
               "start_time": "Tue May 03 2022 17:04:51 GMT+0530 (India Standard Time)",
               "name": "page8",
               "elements": [
                  {
                     "type": "radiogroup",
                     "name": "question7",
                     "title": "Google cloud search is used for",
                     "Marks": "1",
                     "subject": "Emerging Technology for Engineering(kmc102_week2_G2)",
                     "choices": [
                        "Public search",
                        "Enterprise search for employees to quickly find company information",
                        "searching documents only outside company",
                        "Google docs only"
                     ]
                  }
               ],
               "maxTimeToFinish": "60"
            },
            {
               "end_time": "Tue May 03 2022 17:05:30 GMT+0530 (India Standard Time)",
               "start_time": "Tue May 03 2022 17:05:14 GMT+0530 (India Standard Time)",
               "name": "page9",
               "elements": [
                  {
                     "type": "radiogroup",
                     "name": "question10",
                     "title": "How does the pricing model work in GCP cloud?",
                     "Marks": "1",
                     "subject": "Emerging Technology for Engineering(kmc102_week2_G2)",
                     "choices": [
                        "on the basis of usage time",
                        "on the basis of compute instance, network use, and storage",
                        "on the basis of storage only",
                        "None of the above"
                     ]
                  }
               ],
               "maxTimeToFinish": "60"
            },
            {
               "name": "page10",
               "elements": [
                  {
                     "type": "radiogroup",
                     "name": "question2",
                     "title": "Point out the wrong statement :",
                     "Marks": "1",
                     "subject": "Emerging Technology for Engineering(kmc102_week2_G2)",
                     "choices": [
                        "Google's App Engine platform is PaaS offering",
                        "The vendor is responsible for all the operational aspects of the service",
                        "Google's App Engine platform is IaaS offering",
                        "None of the mentioned"
                     ]
                  }
               ],
               "maxTimeToFinish": "60",
               "start_time": "Tue May 03 2022 17:05:30 GMT+0530 (India Standard Time)",
               "end_time": "Tue May 03 2022 17:11:25 GMT+0530 (India Standard Time)"
            }
         ],
         "maxTimeToFinish": "600",
         "showTimerPanel": "top",
         "title": "Quiz",
         "currentPageNo": "9"
      },
      "start_quiz": {
         "showTimerPanel": "top",
         "maxTimeToFinish": "600",
         "pages": [
            {
               "maxTimeToFinish": "60",
               "elements": [
                  {
                     "choices": [
                        "TRUE",
                        "FALSE"
                     ],
                     "subject": "Emerging Technology for Engineering(kmc102_week2_G2)",
                     "Marks": "1",
                     "correctAnswer": "TRUE",
                     "title": "In Google App Engine applications run in secure sandboxed environment.",
                     "name": "question3",
                     "type": "radiogroup"
                  }
               ],
               "name": "page1"
            },
            {
               "maxTimeToFinish": "60",
               "elements": [
                  {
                     "choices": [
                        "Google Cloud Service",
                        "Developer",
                        "Vendor",
                        "Third Party service provider"
                     ],
                     "subject": "Emerging Technology for Engineering(kmc102_week2_G2)",
                     "Marks": "1",
                     "correctAnswer": "Developer",
                     "title": "In App Engine application all resources are created in the region selected by",
                     "name": "question4",
                     "type": "radiogroup"
                  }
               ],
               "name": "page2"
            },
            {
               "maxTimeToFinish": "60",
               "elements": [
                  {
                     "choices": [
                        "TRUE",
                        "FALSE"
                     ],
                     "subject": "Emerging Technology for Engineering(kmc102_week2_G2)",
                     "Marks": "1",
                     "correctAnswer": "TRUE",
                     "title": "All Google Cloud Platform resources are associated with a project. (True Or False)",
                     "name": "question8",
                     "type": "radiogroup"
                  }
               ],
               "name": "page3"
            },
            {
               "maxTimeToFinish": "60",
               "elements": [
                  {
                     "choices": [
                        "Google",
                        "Amazon",
                        "Microsoft",
                        "All of the above"
                     ],
                     "subject": "Emerging Technology for Engineering(kmc102_week2_G2)",
                     "Marks": "1",
                     "correctAnswer": "Google",
                     "title": "Which of the following serves as a PaaS vendor within Google App Engine system?",
                     "name": "question5",
                     "type": "radiogroup"
                  }
               ],
               "name": "page4"
            },
            {
               "maxTimeToFinish": "60",
               "elements": [
                  {
                     "choices": [
                        "AWS",
                        "Google Cloud Service",
                        "Azure",
                        "Android"
                     ],
                     "subject": "Emerging Technology for Engineering(kmc102_week2_G2)",
                     "Marks": "1",
                     "correctAnswer": "Google Cloud Service",
                     "title": "The name of Google cloud is",
                     "name": "question1",
                     "type": "radiogroup"
                  }
               ],
               "name": "page5"
            },
            {
               "maxTimeToFinish": "60",
               "elements": [
                  {
                     "choices": [
                        "TRUE",
                        "FALSE"
                     ],
                     "subject": "Emerging Technology for Engineering(kmc102_week2_G2)",
                     "Marks": "1",
                     "correctAnswer": "TRUE",
                     "title": "Google cloud supports multi-cloud architecture?",
                     "name": "question6",
                     "type": "radiogroup"
                  }
               ],
               "name": "page6"
            },
            {
               "maxTimeToFinish": "60",
               "elements": [
                  {
                     "choices": [
                        "TRUE",
                        "FALSE"
                     ],
                     "subject": "Emerging Technology for Engineering(kmc102_week2_G2)",
                     "Marks": "1",
                     "correctAnswer": "TRUE",
                     "title": "Google BigQuery Service is also a kind of Google cloud service",
                     "name": "question9",
                     "type": "radiogroup"
                  }
               ],
               "name": "page7"
            },
            {
               "maxTimeToFinish": "60",
               "elements": [
                  {
                     "choices": [
                        "Public search",
                        "Enterprise search for employees to quickly find company information",
                        "searching documents only outside company",
                        "Google docs only"
                     ],
                     "subject": "Emerging Technology for Engineering(kmc102_week2_G2)",
                     "Marks": "1",
                     "correctAnswer": "Enterprise search for employees to quickly find company information",
                     "title": "Google cloud search is used for",
                     "name": "question7",
                     "type": "radiogroup"
                  }
               ],
               "name": "page8"
            },
            {
               "maxTimeToFinish": "60",
               "elements": [
                  {
                     "choices": [
                        "on the basis of usage time",
                        "on the basis of compute instance, network use, and storage",
                        "on the basis of storage only",
                        "None of the above"
                     ],
                     "subject": "Emerging Technology for Engineering(kmc102_week2_G2)",
                     "Marks": "1",
                     "correctAnswer": "on the basis of compute instance, network use, and storage",
                     "title": "How does the pricing model work in GCP cloud?",
                     "name": "question10",
                     "type": "radiogroup"
                  }
               ],
               "name": "page9"
            },
            {
               "maxTimeToFinish": "60",
               "elements": [
                  {
                     "choices": [
                        "Google's App Engine platform is PaaS offering",
                        "The vendor is responsible for all the operational aspects of the service",
                        "Google's App Engine platform is IaaS offering",
                        "None of the mentioned"
                     ],
                     "subject": "Emerging Technology for Engineering(kmc102_week2_G2)",
                     "Marks": "1",
                     "correctAnswer": "Google's App Engine platform is IaaS offering",
                     "title": "Point out the wrong statement :",
                     "name": "question2",
                     "type": "radiogroup"
                  }
               ],
               "name": "page10"
            }
         ]
      },
      "quiz_time": "Tue May 03 2022 17:00:23 GMT+0530 (India Standard Time)",
      "status": true,
      "currentpage": 9,
      "is_deleted": false,
      "created": {
         "$date": {
            "$numberLong": "1651577423451"
         }
      },
      "__v": 0,
      "cstart_time": "Tue May 03 2022 17:05:30 GMT+0530 (India Standard Time)",
      "currentpagetimespent": 2,
      "section": "120",
      "submission": {
         "question8": "TRUE",
         "question5": "Google",
         "question1": "Google Cloud Service",
         "question6": "TRUE",
         "question9": "TRUE",
         "question7": "Enterprise search for employees to quickly find company information",
         "question10": "on the basis of compute instance, network use, and storage",
         "question2": "The vendor is responsible for all the operational aspects of the service"
      }
   }
]